<?xml version="1.0" encoding="UTF-8" ?>
<!DOCTYPE mapper
        PUBLIC "-//mybatis.org//DTD Mapper 3.0//EN"
        "http://mybatis.org/dtd/mybatis-3-mapper.dtd">
<mapper namespace="com.example.mapper.CourseMapper">
    <update id="update">
        update course
        <set>
            <if test="name != null and name != ''">
                name = #{name},
            </if>
            <if test="teacherId != null">
                teacher_id = #{teacherId},
            </if>
            <if test="description != null and description != ''">
                description = #{description},
            </if>
            <if test="stuNumber != null">
                stu_number = #{stuNumber},
            </if>
            <if test="maxNumber != null">
                max_number = #{maxNumber},
            </if>
            <if test="majorId != null">
                major_id = #{majorId},
            </if>
            <if test="credit != null">
                credit = #{credit},
            </if>
            <if test="time != null and time != ''">
                time = #{time},
            </if>
            <if test="location != null and location != ''">
                location = #{location},
            </if>
            update_by = USER,
            update_time = sysdate
        </set>
        where id = #{id}
    </update>


    <select id="page" resultType="com.example.pojo.Course">
        SELECT *
        FROM (
        SELECT ROWNUM r,c.*
        FROM Course c
        <where>
            <if test="name != null and name != ''">
                name LIKE '%' || #{name} || '%'
            </if>

        </where>
        )
        WHERE r between #{startRow} and #{endRow}
    </select>


</mapper>