<?xml version="1.0" encoding="UTF-8" ?>
<!DOCTYPE mapper
        PUBLIC "-//mybatis.org//DTD Mapper 3.0//EN"
        "http://mybatis.org/dtd/mybatis-3-mapper.dtd">
<mapper namespace="com.example.mapper.UserMapper">


    <delete id="deleteByUsernames">
        delete from users where username in
        <foreach collection="usernames" item="username" separator="," open="(" close=")">
            #{username}
        </foreach>
    </delete>

    <delete id="deleteURbyUID2s">
        delete from user_role where uid2 in
        <foreach collection="uid2s" item="uid2" separator="," open="(" close=")">
            #{uid2}
        </foreach>
    </delete>

    <select id="getByUsernames" resultType="java.lang.Integer">
        select uid2 from users where username in
        <foreach collection="usernames" item="username" separator="," open="(" close=")">
            #{username}
        </foreach>
    </select>

    <update id="updateStuPwd">
        update stu
        <set>
            PASSWORD = #{password},
            UPDATE_BY = #{username},
            UPDATE_TIME = sysdate
        </set>
        <where>
            USERNAME = #{username}
        </where>
    </update>

    <update id="updateAdmin">
        update users
        <set>
            <if test="username != null and username != ''">
                username = #{username},
            </if>
            <if test="password != null and password != ''">
                password = #{password},
            </if>
        </set>
        <where>
            UID2 = #{uid2}
        </where>
    </update>

</mapper>